{
  "channel-version": "10.0",
  "release-date": "2025-07-15",
  "release-version": "10.0.0-preview.6.25358.103",
  "security": false,
  "release": {
    "release-date": "2025-07-15",
    "release-version": "10.0.0-preview.6",
    "security": false,
    "cve-list": [],
    "release-notes": "https://github.com/dotnet/core/blob/main/release-notes/10.0/preview/preview6/10.0.0-preview.6.md",
    "runtime": {
      "version": "10.0.0-preview.6.25358.103",
      "version-display": "10.0.0-preview.6",
      "vs-version": "",
      "vs-mac-version": "",
      "files": [
        {
          "name": "dotnet-apphost-pack-linux-arm.tar.gz",
          "rid": "linux-arm",
          "url": "https://builds.dotnet.microsoft.com/dotnet/Runtime/10.0.0-preview.6.25358.103/dotnet-apphost-pack-10.0.0-preview.6.25358.103-linux-arm.tar.gz",
          "hash": "585c154aaac1ace4e219c9215cdb718889c099a38cb6201728e9687d69455c9b8cf37f8e3185eb0cd15882941231427e72ac114c6f357842a1e22d2ba20a3b4d"
        },
        {
          "name": "dotnet-apphost-pack-linux-arm64.tar.gz",
          "rid": "linux-arm64",
          "url": "https://builds.dotnet.microsoft.com/dotnet/Runtime/10.0.0-preview.6.25358.103/dotnet-apphost-pack-10.0.0-preview.6.25358.103-linux-arm64.tar.gz",
          "hash": "a2ae0d8197ad4fc163de4fb08a36573c30d8705a0bcdec3b1415600bfcd1acc33a6d68eaf2c0d973c49fdd54b00a83db8d29aab884bedcb3ed76ad136f628014"
        },
        {
          "name": "dotnet-apphost-pack-linux-bionic-arm64.tar.gz",
          "rid": "linux-bionic-arm64",
          "url": "https://builds.dotnet.microsoft.com/dotnet/Runtime/10.0.0-preview.6.25358.103/dotnet-apphost-pack-10.0.0-preview.6.25358.103-linux-bionic-arm64.tar.gz",
          "hash": "133d2f1b66a4718ff9c3fd0c4c4057f9f1871227ca8e58baac7db16fb23ba9538831ee9340bf586f2b02f1b81944d2037456c40775d20470aa2102dec72229d8"
        },
        {
          "name": "dotnet-apphost-pack-linux-bionic-x64.tar.gz",
          "rid": "linux-bionic-x64",
          "url": "https://builds.dotnet.microsoft.com/dotnet/Runtime/10.0.0-preview.6.25358.103/dotnet-apphost-pack-10.0.0-preview.6.25358.103-linux-bionic-x64.tar.gz",
          "hash": "2995b47505eab9f096d2cb9aa5206d32efbce9800f98459c32b2c7e04304f2486dd854b27e7aa6d9acfd99ab9a924882c6ad45f9142591e5781bcaed64a203a7"
        },
        {
          "name": "dotnet-apphost-pack-linux-musl-arm.tar.gz",
          "rid": "linux-musl-arm",
          "url": "https://builds.dotnet.microsoft.com/dotnet/Runtime/10.0.0-preview.6.25358.103/dotnet-apphost-pack-10.0.0-preview.6.25358.103-linux-musl-arm.tar.gz",
          "hash": "28918c347755f2134eff8258c81aab68b31b50258403e9b4de9526bc3018f5f6f3426edc7ff0d57505ec68ba5d5063b6305e20feb984e6154142640e41687ba5"
        },
        {
          "name": "dotnet-apphost-pack-linux-musl-arm64.tar.gz",
          "rid": "linux-musl-arm64",
          "url": "https://builds.dotnet.microsoft.com/dotnet/Runtime/10.0.0-preview.6.25358.103/dotnet-apphost-pack-10.0.0-preview.6.25358.103-linux-musl-arm64.tar.gz",
          "hash": "f8059a20d357829034d76e590de828f77f6aa2cbc4e34f801fc7b1bf5b07354455510d7fbf764bffe488677de66c8a3262cd9ef1c5f7dfa47cb223bc6f0ebb36"
        },
        {
          "name": "dotnet-apphost-pack-linux-musl-x64.tar.gz",
          "rid": "linux-musl-x64",
          "url": "https://builds.dotnet.microsoft.com/dotnet/Runtime/10.0.0-preview.6.25358.103/dotnet-apphost-pack-10.0.0-preview.6.25358.103-linux-musl-x64.tar.gz",
          "hash": "75b28c2bed54aad80e438d213641f9ace3c3bbf3a38854bbc8c741fad1a1f47235a9abe270e098e2ec52e3e45ec44f1c6b54687afba3b68a58b37b98885c8f41"
        },
        {
          "name": "dotnet-apphost-pack-linux-x64.tar.gz",
          "rid": "linux-x64",
          "url": "https://builds.dotnet.microsoft.com/dotnet/Runtime/10.0.0-preview.6.25358.103/dotnet-apphost-pack-10.0.0-preview.6.25358.103-linux-x64.tar.gz",
          "hash": "0a09c4876e9eb8d9c420b50e5e302f524444d2779ab1d9491d422cdb4978072b947bd5a42d3a1d8b59654f14e25d3faca7707c0052b66f05bf93e30103afb83c"
        },
        {
          "name": "dotnet-apphost-pack-osx-arm64.tar.gz",
          "rid": "osx-arm64",
          "url": "https://builds.dotnet.microsoft.com/dotnet/Runtime/10.0.0-preview.6.25358.103/dotnet-apphost-pack-10.0.0-preview.6.25358.103-osx-arm64.tar.gz",
          "hash": "869eef0c88092f05d2474fb0e8948cfcca8095113dda3cf96526e512ff000e20bb4ae612da59fcde189962b4f45d05e6a6c94747dad9a19698f42c075701c9a7"
        },
        {
          "name": "dotnet-apphost-pack-osx-x64.tar.gz",
          "rid": "osx-x64",
          "url": "https://builds.dotnet.microsoft.com/dotnet/Runtime/10.0.0-preview.6.25358.103/dotnet-apphost-pack-10.0.0-preview.6.25358.103-osx-x64.tar.gz",
          "hash": "116d4a16b5ee05cac6de5e722221e9ac410de7c8fe67bace1658087753b29bfa806850a4fdbcea868ff795ac47e83e3b396874f2a1c2b0d81bc4e05745b07799"
        },
        {
          "name": "dotnet-apphost-pack-win-arm64.zip",
          "rid": "win-arm64",
          "url": "https://builds.dotnet.microsoft.com/dotnet/Runtime/10.0.0-preview.6.25358.103/dotnet-apphost-pack-10.0.0-preview.6.25358.103-win-arm64.zip",
          "hash": "eec0524c8a2ab1be2be7d69a3b0e0a1f98482c22c9e4ec660f9b13f2634133b7d2679b0d3d28824bb16aef19047b7e73e9560504cda8895d0d9d378154af4453"
        },
        {
          "name": "dotnet-apphost-pack-win-x64.zip",
          "rid": "win-x64",
          "url": "https://builds.dotnet.microsoft.com/dotnet/Runtime/10.0.0-preview.6.25358.103/dotnet-apphost-pack-10.0.0-preview.6.25358.103-win-x64.zip",
          "hash": "401aa11ed41158f0f96a3b4a2ae87a590938cc09eb50d61fb4b5d64e6d68ab0f8bd8c8c36068e44a33806accc0761285df1a798b9202de24d5a44da57efe1a67"
        },
        {
          "name": "dotnet-apphost-pack-win-x86.zip",
          "rid": "win-x86",
          "url": "https://builds.dotnet.microsoft.com/dotnet/Runtime/10.0.0-preview.6.25358.103/dotnet-apphost-pack-10.0.0-preview.6.25358.103-win-x86.zip",
          "hash": "fac7e239efbeca54a4fa2930a08444fcb6e9335b7fed152a4f9726f067d9edca1b66bd68866e3f3c0288215f5397d1ebdea6a9b63b582fc59f9472033e42d92f"
        },
        {
          "name": "dotnet-runtime-linux-arm.tar.gz",
          "rid": "linux-arm",
          "url": "https://builds.dotnet.microsoft.com/dotnet/Runtime/10.0.0-preview.6.25358.103/dotnet-runtime-10.0.0-preview.6.25358.103-linux-arm.tar.gz",
          "hash": "764167d3c6539e5dff9e3f1087ea40b37bab272f7e6c1de0c862d76a4d0c34452799b458e9fa70329ae28ec6d07d6b624b3f5bd0aa2812e6e7ec8f8f6af23b87"
        },
        {
          "name": "dotnet-runtime-linux-arm64.tar.gz",
          "rid": "linux-arm64",
          "url": "https://builds.dotnet.microsoft.com/dotnet/Runtime/10.0.0-preview.6.25358.103/dotnet-runtime-10.0.0-preview.6.25358.103-linux-arm64.tar.gz",
          "hash": "71bc9db7e507f3997526c4f3933914600f90f00031c617359f3b80b72b818a58dc804a5edb34c6b7cab1e16571e8555545950d1a0720bff5b31ac63744fdb4e3"
        },
        {
          "name": "dotnet-runtime-linux-bionic-arm64.tar.gz",
          "rid": "linux-bionic-arm64",
          "url": "https://builds.dotnet.microsoft.com/dotnet/Runtime/10.0.0-preview.6.25358.103/dotnet-runtime-10.0.0-preview.6.25358.103-linux-bionic-arm64.tar.gz",
          "hash": "0c80d273834c46467ee5dab34357646409200da6e28d95a2a3a5b2e5b75c21ba87dba9d8183dc89638594fe7fbb9edf2f597cf9b43f5f2e46eeba5054f7e21ba"
        },
        {
          "name": "dotnet-runtime-linux-bionic-x64.tar.gz",
          "rid": "linux-bionic-x64",
          "url": "https://builds.dotnet.microsoft.com/dotnet/Runtime/10.0.0-preview.6.25358.103/dotnet-runtime-10.0.0-preview.6.25358.103-linux-bionic-x64.tar.gz",
          "hash": "6d15c7109d2b758c7a035eb688f7494be8442a256b2fafb436536fa1253c98103c710c6bf27f22d0a11949933e60fd8ad5dbdb40a3bac890682bf9cb6acc00b7"
        },
        {
          "name": "dotnet-runtime-linux-musl-arm.tar.gz",
          "rid": "linux-musl-arm",
          "url": "https://builds.dotnet.microsoft.com/dotnet/Runtime/10.0.0-preview.6.25358.103/dotnet-runtime-10.0.0-preview.6.25358.103-linux-musl-arm.tar.gz",
          "hash": "5d717d86d0f956df2581302703d4d848dc814231e71293a090eaf56b18146084543a3d4670e4310eb90f392e182ad007c9cc7cc1f4514d0efa9df3b65d1083f1"
        },
        {
          "name": "dotnet-runtime-linux-musl-arm64.tar.gz",
          "rid": "linux-musl-arm64",
          "url": "https://builds.dotnet.microsoft.com/dotnet/Runtime/10.0.0-preview.6.25358.103/dotnet-runtime-10.0.0-preview.6.25358.103-linux-musl-arm64.tar.gz",
          "hash": "e263fb33c241becbd8f2f7a63f9b5f4123c1a667c55447f03a249cff5491b38a6dfa6284511c0fc62745c69f302b4cad9c8088c270093582d7dbca7a2ec65d0a"
        },
        {
          "name": "dotnet-runtime-linux-musl-x64.tar.gz",
          "rid": "linux-musl-x64",
          "url": "https://builds.dotnet.microsoft.com/dotnet/Runtime/10.0.0-preview.6.25358.103/dotnet-runtime-10.0.0-preview.6.25358.103-linux-musl-x64.tar.gz",
          "hash": "cdfdc4937a5b445e2b8ee92cda875979d2568948dd5fe7d01f84305b6321dca64d67ed61a98c1e71c6da1eed822f075d0bb0410551aecb0f8f3e1313843676a8"
        },
        {
          "name": "dotnet-runtime-linux-x64.tar.gz",
          "rid": "linux-x64",
          "url": "https://builds.dotnet.microsoft.com/dotnet/Runtime/10.0.0-preview.6.25358.103/dotnet-runtime-10.0.0-preview.6.25358.103-linux-x64.tar.gz",
          "hash": "7feacaa8655e14521db6ba9a786072377f063864e418c5e4f5ea79923a29f4724ef6ed160745459ee028f19279afa1c0fede9ab693372208909eef8733ca0364"
        },
        {
          "name": "dotnet-runtime-osx-arm64.pkg",
          "rid": "osx-arm64",
          "url": "https://builds.dotnet.microsoft.com/dotnet/Runtime/10.0.0-preview.6.25358.103/dotnet-runtime-10.0.0-preview.6.25358.103-osx-arm64.pkg",
          "hash": "be7ec9636516c06e79f6dc28aa9aef6d11db0366914e4ded984457ac7c96d8f37878b561fc7f541b85d1e397118ce11ff7c60ee1baf977a2de86d6f9982f42a6"
        },
        {
          "name": "dotnet-runtime-osx-arm64.tar.gz",
          "rid": "osx-arm64",
          "url": "https://builds.dotnet.microsoft.com/dotnet/Runtime/10.0.0-preview.6.25358.103/dotnet-runtime-10.0.0-preview.6.25358.103-osx-arm64.tar.gz",
          "hash": "cd7cc494aaed62cdabf1287a08cbc3a0f28f3112e896e037ed82d845d65387327e234525bf1c0449b03ef2185233d4562fb59fbfd19d5f28da3e0a6713745377"
        },
        {
          "name": "dotnet-runtime-osx-x64.pkg",
          "rid": "osx-x64",
          "url": "https://builds.dotnet.microsoft.com/dotnet/Runtime/10.0.0-preview.6.25358.103/dotnet-runtime-10.0.0-preview.6.25358.103-osx-x64.pkg",
          "hash": "92fadd5217830fc2613057f634651d21ada3cd0bf46b3bd45b77756ecbaf87f0ad63aa3e48272e0e03db9a3cd78d80ad64cb7ff8932f3430972b4913b50c4186"
        },
        {
          "name": "dotnet-runtime-osx-x64.tar.gz",
          "rid": "osx-x64",
          "url": "https://builds.dotnet.microsoft.com/dotnet/Runtime/10.0.0-preview.6.25358.103/dotnet-runtime-10.0.0-preview.6.25358.103-osx-x64.tar.gz",
          "hash": "966dc47b3aa1c7aa923b3548d887648823692b053f093e4f26b866bbf5809b1dd6ef38bd2c2e51a4e80f06c5dbe4aed0db5bae552ad9826462fac30ea68ae616"
        },
        {
          "name": "dotnet-runtime-win-arm64.exe",
          "rid": "win-arm64",
          "url": "https://builds.dotnet.microsoft.com/dotnet/Runtime/10.0.0-preview.6.25358.103/dotnet-runtime-10.0.0-preview.6.25358.103-win-arm64.exe",
          "hash": "b74971fcc40e00a356f125c8f10cfc2bc3718600de2b9e40e3fdd5f501e622fe5168b398ed200e76f162ad3d95a19957ddbdd737c31c61c2709c0997d39b0ae1"
        },
        {
          "name": "dotnet-runtime-win-arm64.zip",
          "rid": "win-arm64",
          "url": "https://builds.dotnet.microsoft.com/dotnet/Runtime/10.0.0-preview.6.25358.103/dotnet-runtime-10.0.0-preview.6.25358.103-win-arm64.zip",
          "hash": "d85f4af276803be33bbb611819b1165cd782afa60589ff1809b8f41381aa994324ef999c8e369d2ed0a5954560a1a8c4dba31d64a482e1972767c5ee4ae9ffdf"
        },
        {
          "name": "dotnet-runtime-win-x64.exe",
          "rid": "win-x64",
          "url": "https://builds.dotnet.microsoft.com/dotnet/Runtime/10.0.0-preview.6.25358.103/dotnet-runtime-10.0.0-preview.6.25358.103-win-x64.exe",
          "hash": "582a2d876675f4e2c554de07455342e57980489a8508b62822bb8e935057cb98901a8f843f2790a65b573fd5a569b2a7e7103360765f06929f27229a60199e2a"
        },
        {
          "name": "dotnet-runtime-win-x64.zip",
          "rid": "win-x64",
          "url": "https://builds.dotnet.microsoft.com/dotnet/Runtime/10.0.0-preview.6.25358.103/dotnet-runtime-10.0.0-preview.6.25358.103-win-x64.zip",
          "hash": "691f89932e1204fb62978efb8b25599654e0a86b2b66dd617229a06207bb74ae1672e938cea6418391f9aa9f3f408735f8a8d86866c9822d3f6cd5616ad1f78a"
        },
        {
          "name": "dotnet-runtime-win-x86.exe",
          "rid": "win-x86",
          "url": "https://builds.dotnet.microsoft.com/dotnet/Runtime/10.0.0-preview.6.25358.103/dotnet-runtime-10.0.0-preview.6.25358.103-win-x86.exe",
          "hash": "0c6c85c24ce88805d80289b3a3d03cf43f068d9fb276cf8a2573f08d2c2dfccc4f07695d9c19b9a2787e53a5fdf9c80711e736c84fea7f3d6b4422a06351919d"
        },
        {
          "name": "dotnet-runtime-win-x86.zip",
          "rid": "win-x86",
          "url": "https://builds.dotnet.microsoft.com/dotnet/Runtime/10.0.0-preview.6.25358.103/dotnet-runtime-10.0.0-preview.6.25358.103-win-x86.zip",
          "hash": "5d0d423cc356990aff4b2ca926bc9279a9497cfdf38d80ee00898d6e397b09bfe8c858e54f4001862ef149af262bd39cff4e473761dc1bea87c861ec21937517"
        }
      ]
    },
    "sdk": {
      "version": "10.0.100-preview.6.25358.103",
      "version-display": "10.0.100-preview.6",
      "runtime-version": "10.0.0-preview.6.25358.103",
      "vs-version": "",
      "vs-mac-version": "",
      "vs-support": "",
      "vs-mac-support": "",
      "csharp-version": "13.0",
      "fsharp-version": "9.0",
      "vb-version": "17.13",
      "files": [
        {
          "name": "dotnet-sdk-linux-arm.tar.gz",
          "rid": "linux-arm",
          "url": "https://builds.dotnet.microsoft.com/dotnet/Sdk/10.0.100-preview.6.25358.103/dotnet-sdk-10.0.100-preview.6.25358.103-linux-arm.tar.gz",
          "hash": "9588e34dc8b1044bdd8e9cea1fd0d6b567fedf0ddbaf4897b153ab9b3e93ac4957457810fa9ecd7da4d5a36d8a05bc48b670afd0f52d4d56d140f742a043820a"
        },
        {
          "name": "dotnet-sdk-linux-arm64.tar.gz",
          "rid": "linux-arm64",
          "url": "https://builds.dotnet.microsoft.com/dotnet/Sdk/10.0.100-preview.6.25358.103/dotnet-sdk-10.0.100-preview.6.25358.103-linux-arm64.tar.gz",
          "hash": "7301643ea2fbdb2582526c6d4699d3cb657f6c90e3ce7f2746ad51c320a8483c280d3a15fc2e072605b2bdfe76369063a384ff61d79ff9644183e4b21c1ba774"
        },
        {
          "name": "dotnet-sdk-linux-musl-arm.tar.gz",
          "rid": "linux-musl-arm",
          "url": "https://builds.dotnet.microsoft.com/dotnet/Sdk/10.0.100-preview.6.25358.103/dotnet-sdk-10.0.100-preview.6.25358.103-linux-musl-arm.tar.gz",
          "hash": "f44fc0920da6a86974ee52daece0cffe8c891193ce9a9d686fd93e817881ec248b913e71745ee576a65bf4fdc16506718af90444cee0f7014fb8967a93a6ccc8"
        },
        {
          "name": "dotnet-sdk-linux-musl-arm64.tar.gz",
          "rid": "linux-musl-arm64",
          "url": "https://builds.dotnet.microsoft.com/dotnet/Sdk/10.0.100-preview.6.25358.103/dotnet-sdk-10.0.100-preview.6.25358.103-linux-musl-arm64.tar.gz",
          "hash": "c4afefa798f970dde3a65923c02648b67f3b554e51a7de13b2d29246843712d08645c8fc223a408bd37e0dfd7bf87580d0468cfa740095ec5b35b927406f8b9f"
        },
        {
          "name": "dotnet-sdk-linux-musl-x64.tar.gz",
          "rid": "linux-musl-x64",
          "url": "https://builds.dotnet.microsoft.com/dotnet/Sdk/10.0.100-preview.6.25358.103/dotnet-sdk-10.0.100-preview.6.25358.103-linux-musl-x64.tar.gz",
          "hash": "2c28fad74999a319489f3d3c313e357923fe51a4021bed35399780f2daea959cde84d91835d1e310c93bd4b7cb695fb14f6f6501ad0b1661742ffc5801536269"
        },
        {
          "name": "dotnet-sdk-linux-x64.tar.gz",
          "rid": "linux-x64",
          "url": "https://builds.dotnet.microsoft.com/dotnet/Sdk/10.0.100-preview.6.25358.103/dotnet-sdk-10.0.100-preview.6.25358.103-linux-x64.tar.gz",
          "hash": "662bd61a77275a893186aed5b0a6e66a613d33657f71026a27f765f1196b78e3f3a2ada58e1b37e0faeac39a8377b3e9b3bcea2b72c5b06dd5d9848ad9873f3f"
        },
        {
          "name": "dotnet-sdk-osx-arm64.pkg",
          "rid": "osx-arm64",
          "url": "https://builds.dotnet.microsoft.com/dotnet/Sdk/10.0.100-preview.6.25358.103/dotnet-sdk-10.0.100-preview.6.25358.103-osx-arm64.pkg",
          "hash": "2efa514a050bbb510ea9d90285150be21603050f47ffcf003d3159a1b9b511ec68a9625ae275aaa70b28fa765ce6b2ab1579e0f8884d73243b7fbdf8ac06632a"
        },
        {
          "name": "dotnet-sdk-osx-arm64.tar.gz",
          "rid": "osx-arm64",
          "url": "https://builds.dotnet.microsoft.com/dotnet/Sdk/10.0.100-preview.6.25358.103/dotnet-sdk-10.0.100-preview.6.25358.103-osx-arm64.tar.gz",
          "hash": "c4320612a514117552a1cb13bba44173bd8bdb9506c13b4b9a67ae9ab0b38aad7ecd4e5dd1d4c3230ba49fb96ecd14b2af3416929e7651c5c990cbf76deafb9a"
        },
        {
          "name": "dotnet-sdk-osx-x64.pkg",
          "rid": "osx-x64",
          "url": "https://builds.dotnet.microsoft.com/dotnet/Sdk/10.0.100-preview.6.25358.103/dotnet-sdk-10.0.100-preview.6.25358.103-osx-x64.pkg",
          "hash": "35fbe5c4f4f4174ed4787c75ed2cdee60547738f943b7271ea39f72732e88870c95425cb9db952178ffdff0bf4564d83a6eae246d8e933659e723e1b45f1b233"
        },
        {
          "name": "dotnet-sdk-osx-x64.tar.gz",
          "rid": "osx-x64",
          "url": "https://builds.dotnet.microsoft.com/dotnet/Sdk/10.0.100-preview.6.25358.103/dotnet-sdk-10.0.100-preview.6.25358.103-osx-x64.tar.gz",
          "hash": "ad69643ab5b9034d0197170ec7e4eeb0d812cde5f028a1eaf17fb0f209ce2b251932b24128db0c55f057b3e9aff67d78bcb045980893f81d96950323611a6795"
        },
        {
          "name": "dotnet-sdk-win-arm64.exe",
          "rid": "win-arm64",
          "url": "https://builds.dotnet.microsoft.com/dotnet/Sdk/10.0.100-preview.6.25358.103/dotnet-sdk-10.0.100-preview.6.25358.103-win-arm64.exe",
          "hash": "b1bd9329345e026cd17c29c83858f6d1990d254957abfc8bdb9abb61e49e4c3bf1bb96a5ebb19d3f71372e768a4df6e65511b77dba8566adbabcb56c623375a0"
        },
        {
          "name": "dotnet-sdk-win-arm64.zip",
          "rid": "win-arm64",
          "url": "https://builds.dotnet.microsoft.com/dotnet/Sdk/10.0.100-preview.6.25358.103/dotnet-sdk-10.0.100-preview.6.25358.103-win-arm64.zip",
          "hash": "9f823a3ad6c22b0d69c9473777bfcc47cad29e269cc29213730ac6d9bb6b24876686632fc2f838cfcd53f9b176d7b5b059cd506407ddb42b2c345c1c45b7207c"
        },
        {
          "name": "dotnet-sdk-win-x64.exe",
          "rid": "win-x64",
          "url": "https://builds.dotnet.microsoft.com/dotnet/Sdk/10.0.100-preview.6.25358.103/dotnet-sdk-10.0.100-preview.6.25358.103-win-x64.exe",
          "hash": "c22b1d70697c489b21a0edbe99862e46808f455e1032f8b1343d1469487db6c662ddd35daebf92801d274415f288b93eb28298fae169b30127a6518c40168405"
        },
        {
          "name": "dotnet-sdk-win-x64.zip",
          "rid": "win-x64",
          "url": "https://builds.dotnet.microsoft.com/dotnet/Sdk/10.0.100-preview.6.25358.103/dotnet-sdk-10.0.100-preview.6.25358.103-win-x64.zip",
          "hash": "e84217e64382fb73c18c2159f0abdf6e389dbd9013f1191d771945d73fbc38bff95b00317a7c8de3946e9a9dc46daf134afcaf328362bec2e196ecefe6d9fd9d"
        },
        {
          "name": "dotnet-sdk-win-x86.exe",
          "rid": "win-x86",
          "url": "https://builds.dotnet.microsoft.com/dotnet/Sdk/10.0.100-preview.6.25358.103/dotnet-sdk-10.0.100-preview.6.25358.103-win-x86.exe",
          "hash": "a4646a5aeb99250cd2508318e4388c7402076623a7ce2f4c1dd5b011b43ff81ae347ad291c433eabc7b227a66677676fe8e224140dcbd33f6e17547dcd500d1c"
        },
        {
          "name": "dotnet-sdk-win-x86.zip",
          "rid": "win-x86",
          "url": "https://builds.dotnet.microsoft.com/dotnet/Sdk/10.0.100-preview.6.25358.103/dotnet-sdk-10.0.100-preview.6.25358.103-win-x86.zip",
          "hash": "bba2dd299e3b1ed02d407d61acf54751aef0975435b6be2062d0d45d25c839f5b08843db644f90c5a16cffd785c22f13da03e835d8caaf84fc31d8071313f88f"
        }
      ]
    },
    "sdks": [
      {
        "version": "10.0.100-preview.6.25358.103",
        "version-display": "10.0.100-preview.6",
        "runtime-version": "10.0.0-preview.6.25358.103",
        "vs-version": "",
        "vs-mac-version": "",
        "vs-support": "",
        "vs-mac-support": "",
        "csharp-version": "13.0",
        "fsharp-version": "9.0",
        "vb-version": "17.13",
        "files": [
          {
            "name": "dotnet-sdk-linux-arm.tar.gz",
            "rid": "linux-arm",
            "url": "https://builds.dotnet.microsoft.com/dotnet/Sdk/10.0.100-preview.6.25358.103/dotnet-sdk-10.0.100-preview.6.25358.103-linux-arm.tar.gz",
            "hash": "9588e34dc8b1044bdd8e9cea1fd0d6b567fedf0ddbaf4897b153ab9b3e93ac4957457810fa9ecd7da4d5a36d8a05bc48b670afd0f52d4d56d140f742a043820a"
          },
          {
            "name": "dotnet-sdk-linux-arm64.tar.gz",
            "rid": "linux-arm64",
            "url": "https://builds.dotnet.microsoft.com/dotnet/Sdk/10.0.100-preview.6.25358.103/dotnet-sdk-10.0.100-preview.6.25358.103-linux-arm64.tar.gz",
            "hash": "7301643ea2fbdb2582526c6d4699d3cb657f6c90e3ce7f2746ad51c320a8483c280d3a15fc2e072605b2bdfe76369063a384ff61d79ff9644183e4b21c1ba774"
          },
          {
            "name": "dotnet-sdk-linux-musl-arm.tar.gz",
            "rid": "linux-musl-arm",
            "url": "https://builds.dotnet.microsoft.com/dotnet/Sdk/10.0.100-preview.6.25358.103/dotnet-sdk-10.0.100-preview.6.25358.103-linux-musl-arm.tar.gz",
            "hash": "f44fc0920da6a86974ee52daece0cffe8c891193ce9a9d686fd93e817881ec248b913e71745ee576a65bf4fdc16506718af90444cee0f7014fb8967a93a6ccc8"
          },
          {
            "name": "dotnet-sdk-linux-musl-arm64.tar.gz",
            "rid": "linux-musl-arm64",
            "url": "https://builds.dotnet.microsoft.com/dotnet/Sdk/10.0.100-preview.6.25358.103/dotnet-sdk-10.0.100-preview.6.25358.103-linux-musl-arm64.tar.gz",
            "hash": "c4afefa798f970dde3a65923c02648b67f3b554e51a7de13b2d29246843712d08645c8fc223a408bd37e0dfd7bf87580d0468cfa740095ec5b35b927406f8b9f"
          },
          {
            "name": "dotnet-sdk-linux-musl-x64.tar.gz",
            "rid": "linux-musl-x64",
            "url": "https://builds.dotnet.microsoft.com/dotnet/Sdk/10.0.100-preview.6.25358.103/dotnet-sdk-10.0.100-preview.6.25358.103-linux-musl-x64.tar.gz",
            "hash": "2c28fad74999a319489f3d3c313e357923fe51a4021bed35399780f2daea959cde84d91835d1e310c93bd4b7cb695fb14f6f6501ad0b1661742ffc5801536269"
          },
          {
            "name": "dotnet-sdk-linux-x64.tar.gz",
            "rid": "linux-x64",
            "url": "https://builds.dotnet.microsoft.com/dotnet/Sdk/10.0.100-preview.6.25358.103/dotnet-sdk-10.0.100-preview.6.25358.103-linux-x64.tar.gz",
            "hash": "662bd61a77275a893186aed5b0a6e66a613d33657f71026a27f765f1196b78e3f3a2ada58e1b37e0faeac39a8377b3e9b3bcea2b72c5b06dd5d9848ad9873f3f"
          },
          {
            "name": "dotnet-sdk-osx-arm64.pkg",
            "rid": "osx-arm64",
            "url": "https://builds.dotnet.microsoft.com/dotnet/Sdk/10.0.100-preview.6.25358.103/dotnet-sdk-10.0.100-preview.6.25358.103-osx-arm64.pkg",
            "hash": "2efa514a050bbb510ea9d90285150be21603050f47ffcf003d3159a1b9b511ec68a9625ae275aaa70b28fa765ce6b2ab1579e0f8884d73243b7fbdf8ac06632a"
          },
          {
            "name": "dotnet-sdk-osx-arm64.tar.gz",
            "rid": "osx-arm64",
            "url": "https://builds.dotnet.microsoft.com/dotnet/Sdk/10.0.100-preview.6.25358.103/dotnet-sdk-10.0.100-preview.6.25358.103-osx-arm64.tar.gz",
            "hash": "c4320612a514117552a1cb13bba44173bd8bdb9506c13b4b9a67ae9ab0b38aad7ecd4e5dd1d4c3230ba49fb96ecd14b2af3416929e7651c5c990cbf76deafb9a"
          },
          {
            "name": "dotnet-sdk-osx-x64.pkg",
            "rid": "osx-x64",
            "url": "https://builds.dotnet.microsoft.com/dotnet/Sdk/10.0.100-preview.6.25358.103/dotnet-sdk-10.0.100-preview.6.25358.103-osx-x64.pkg",
            "hash": "35fbe5c4f4f4174ed4787c75ed2cdee60547738f943b7271ea39f72732e88870c95425cb9db952178ffdff0bf4564d83a6eae246d8e933659e723e1b45f1b233"
          },
          {
            "name": "dotnet-sdk-osx-x64.tar.gz",
            "rid": "osx-x64",
            "url": "https://builds.dotnet.microsoft.com/dotnet/Sdk/10.0.100-preview.6.25358.103/dotnet-sdk-10.0.100-preview.6.25358.103-osx-x64.tar.gz",
            "hash": "ad69643ab5b9034d0197170ec7e4eeb0d812cde5f028a1eaf17fb0f209ce2b251932b24128db0c55f057b3e9aff67d78bcb045980893f81d96950323611a6795"
          },
          {
            "name": "dotnet-sdk-win-arm64.exe",
            "rid": "win-arm64",
            "url": "https://builds.dotnet.microsoft.com/dotnet/Sdk/10.0.100-preview.6.25358.103/dotnet-sdk-10.0.100-preview.6.25358.103-win-arm64.exe",
            "hash": "b1bd9329345e026cd17c29c83858f6d1990d254957abfc8bdb9abb61e49e4c3bf1bb96a5ebb19d3f71372e768a4df6e65511b77dba8566adbabcb56c623375a0"
          },
          {
            "name": "dotnet-sdk-win-arm64.zip",
            "rid": "win-arm64",
            "url": "https://builds.dotnet.microsoft.com/dotnet/Sdk/10.0.100-preview.6.25358.103/dotnet-sdk-10.0.100-preview.6.25358.103-win-arm64.zip",
            "hash": "9f823a3ad6c22b0d69c9473777bfcc47cad29e269cc29213730ac6d9bb6b24876686632fc2f838cfcd53f9b176d7b5b059cd506407ddb42b2c345c1c45b7207c"
          },
          {
            "name": "dotnet-sdk-win-x64.exe",
            "rid": "win-x64",
            "url": "https://builds.dotnet.microsoft.com/dotnet/Sdk/10.0.100-preview.6.25358.103/dotnet-sdk-10.0.100-preview.6.25358.103-win-x64.exe",
            "hash": "c22b1d70697c489b21a0edbe99862e46808f455e1032f8b1343d1469487db6c662ddd35daebf92801d274415f288b93eb28298fae169b30127a6518c40168405"
          },
          {
            "name": "dotnet-sdk-win-x64.zip",
            "rid": "win-x64",
            "url": "https://builds.dotnet.microsoft.com/dotnet/Sdk/10.0.100-preview.6.25358.103/dotnet-sdk-10.0.100-preview.6.25358.103-win-x64.zip",
            "hash": "e84217e64382fb73c18c2159f0abdf6e389dbd9013f1191d771945d73fbc38bff95b00317a7c8de3946e9a9dc46daf134afcaf328362bec2e196ecefe6d9fd9d"
          },
          {
            "name": "dotnet-sdk-win-x86.exe",
            "rid": "win-x86",
            "url": "https://builds.dotnet.microsoft.com/dotnet/Sdk/10.0.100-preview.6.25358.103/dotnet-sdk-10.0.100-preview.6.25358.103-win-x86.exe",
            "hash": "a4646a5aeb99250cd2508318e4388c7402076623a7ce2f4c1dd5b011b43ff81ae347ad291c433eabc7b227a66677676fe8e224140dcbd33f6e17547dcd500d1c"
          },
          {
            "name": "dotnet-sdk-win-x86.zip",
            "rid": "win-x86",
            "url": "https://builds.dotnet.microsoft.com/dotnet/Sdk/10.0.100-preview.6.25358.103/dotnet-sdk-10.0.100-preview.6.25358.103-win-x86.zip",
            "hash": "bba2dd299e3b1ed02d407d61acf54751aef0975435b6be2062d0d45d25c839f5b08843db644f90c5a16cffd785c22f13da03e835d8caaf84fc31d8071313f88f"
          }
        ]
      }
    ],
    "aspnetcore-runtime": {
      "version": "10.0.0-preview.6.25358.103",
      "version-display": "10.0.0-preview.6",
      "version-aspnetcoremodule": [],
      "vs-version": "",
      "files": [
        {
          "name": "aspnetcore-runtime-linux-arm.tar.gz",
          "rid": "linux-arm",
          "url": "https://builds.dotnet.microsoft.com/dotnet/aspnetcore/Runtime/10.0.0-preview.6.25358.103/aspnetcore-runtime-10.0.0-preview.6.25358.103-linux-arm.tar.gz",
          "hash": "fe6acfd9322bdbb3658b39e62060c5763ae23de792a430db47268cfbed60360264e7935002b1cedca8133288367795e59d3824a74de51f9964dc540a814d9189"
        },
        {
          "name": "aspnetcore-runtime-linux-arm64.tar.gz",
          "rid": "linux-arm64",
          "url": "https://builds.dotnet.microsoft.com/dotnet/aspnetcore/Runtime/10.0.0-preview.6.25358.103/aspnetcore-runtime-10.0.0-preview.6.25358.103-linux-arm64.tar.gz",
          "hash": "88667d66d90aaba30649f84d10d057da7c0db479cdb36b76824dc8e0f02a44a6bf5d269d74daa0d6b78376f2dc66b60238558267555e2ced40cbd06aac745d6a"
        },
        {
          "name": "aspnetcore-runtime-linux-musl-arm.tar.gz",
          "rid": "linux-musl-arm",
          "url": "https://builds.dotnet.microsoft.com/dotnet/aspnetcore/Runtime/10.0.0-preview.6.25358.103/aspnetcore-runtime-10.0.0-preview.6.25358.103-linux-musl-arm.tar.gz",
          "hash": "1c0aeaf3006505c2bfb648f2562593f62bb7a55b0050b6cc81e70ae9cc1a35cadbbfd54611705a1b0bf8498aaa355d037847c9ea7a9ada3f5855688ba6a61349"
        },
        {
          "name": "aspnetcore-runtime-linux-musl-arm64.tar.gz",
          "rid": "linux-musl-arm64",
          "url": "https://builds.dotnet.microsoft.com/dotnet/aspnetcore/Runtime/10.0.0-preview.6.25358.103/aspnetcore-runtime-10.0.0-preview.6.25358.103-linux-musl-arm64.tar.gz",
          "hash": "087ed093eac5931dd88ce9c817543fac4a7fb00705ffe71eb7553afd0a15b507eb5a63b8e850e14fe488dedd7b39a0ac86499a154e684815a99c1223af5349d0"
        },
        {
          "name": "aspnetcore-runtime-linux-musl-x64.tar.gz",
          "rid": "linux-musl-x64",
          "url": "https://builds.dotnet.microsoft.com/dotnet/aspnetcore/Runtime/10.0.0-preview.6.25358.103/aspnetcore-runtime-10.0.0-preview.6.25358.103-linux-musl-x64.tar.gz",
          "hash": "6d4d8993f0724a5c30cbb5c347da2fc6872ddc751dbc6ca4388e7fba60d516266193983a984ac6bfe879b448788f77bafb50b99967defba403f44ee3ff2731ed"
        },
        {
          "name": "aspnetcore-runtime-linux-x64.tar.gz",
          "rid": "linux-x64",
          "url": "https://builds.dotnet.microsoft.com/dotnet/aspnetcore/Runtime/10.0.0-preview.6.25358.103/aspnetcore-runtime-10.0.0-preview.6.25358.103-linux-x64.tar.gz",
          "hash": "15ccea434f5e33b4af872bda00d30d3fee4494113a1e5d7b1e8ce206ab0a2e09384fa5a223afdde4b94ea3b7e12b796c1a45138be833288bd68741ae843fb6c8"
        },
        {
          "name": "aspnetcore-runtime-osx-arm64.tar.gz",
          "rid": "osx-arm64",
          "url": "https://builds.dotnet.microsoft.com/dotnet/aspnetcore/Runtime/10.0.0-preview.6.25358.103/aspnetcore-runtime-10.0.0-preview.6.25358.103-osx-arm64.tar.gz",
          "hash": "565587049866ef0e09211d122c950e3d87f3bc22ff740e4d550618d69a62763b8dd766c135c0bde4fc7cccbaa64f332142b490d0fd4294e4c58e2982078f7204"
        },
        {
          "name": "aspnetcore-runtime-osx-x64.tar.gz",
          "rid": "osx-x64",
          "url": "https://builds.dotnet.microsoft.com/dotnet/aspnetcore/Runtime/10.0.0-preview.6.25358.103/aspnetcore-runtime-10.0.0-preview.6.25358.103-osx-x64.tar.gz",
          "hash": "736b42aaaadb865448bccfdb38ed8a9660842ec98f4b84eb7b1abf13a8a68cfb166f1f1d1d9b7abe244e2800b40703d4b31a503bea36359739a041e332c6525d"
        },
        {
          "name": "aspnetcore-runtime-win-arm64.exe",
          "rid": "win-arm64",
          "url": "https://builds.dotnet.microsoft.com/dotnet/aspnetcore/Runtime/10.0.0-preview.6.25358.103/aspnetcore-runtime-10.0.0-preview.6.25358.103-win-arm64.exe",
          "hash": "11afbfab6882b7299df1e9a54808663253ec9f653e24e893497f1484595dcf768ffc659e496635f4df2f393589b7880545d14dc733d374f0bcd2d9f44cee6204"
        },
        {
          "name": "aspnetcore-runtime-win-arm64.zip",
          "rid": "win-arm64",
          "url": "https://builds.dotnet.microsoft.com/dotnet/aspnetcore/Runtime/10.0.0-preview.6.25358.103/aspnetcore-runtime-10.0.0-preview.6.25358.103-win-arm64.zip",
          "hash": "270ccf17b9e5ebed9f6449cbe813465f58a9942735a7359a389c202e2693eee22dd19047ebdde0ed76ada1b17057b5d0f96b4f6e6642c0ffd66f66e59ca30ca2"
        },
        {
          "name": "aspnetcore-runtime-win-x64.exe",
          "rid": "win-x64",
          "url": "https://builds.dotnet.microsoft.com/dotnet/aspnetcore/Runtime/10.0.0-preview.6.25358.103/aspnetcore-runtime-10.0.0-preview.6.25358.103-win-x64.exe",
          "hash": "17ccc2dd5e869234bd80768225f879d2e5ce43855e6d9bfad2061906572e0afb6bccad48af43e32ec857989aca98b9859586f472e3d26130db4117a492f569c9"
        },
        {
          "name": "aspnetcore-runtime-win-x64.zip",
          "rid": "win-x64",
          "url": "https://builds.dotnet.microsoft.com/dotnet/aspnetcore/Runtime/10.0.0-preview.6.25358.103/aspnetcore-runtime-10.0.0-preview.6.25358.103-win-x64.zip",
          "hash": "9aea37c402bce6d068895e22cbfaa1e86aff48f77e47fa32fe3001d57764710578b0fc2eb141b614b54863148506fb7405a99310620b993cadf765798856ff29"
        },
        {
          "name": "aspnetcore-runtime-win-x86.exe",
          "rid": "win-x86",
          "url": "https://builds.dotnet.microsoft.com/dotnet/aspnetcore/Runtime/10.0.0-preview.6.25358.103/aspnetcore-runtime-10.0.0-preview.6.25358.103-win-x86.exe",
          "hash": "f889b8fa033034af08956e1b55befabac492d441682287703d83aa7c086f2c95d3e7a21f64e8d608b12364b68440d37d35ab1ad472e554de2b66736a74735d3d"
        },
        {
          "name": "aspnetcore-runtime-win-x86.zip",
          "rid": "win-x86",
          "url": "https://builds.dotnet.microsoft.com/dotnet/aspnetcore/Runtime/10.0.0-preview.6.25358.103/aspnetcore-runtime-10.0.0-preview.6.25358.103-win-x86.zip",
          "hash": "91cf8eb14e78500911d003e2e144c9f2c19dfea05f91ba34a796ad6f74546f314c21552bb79810d2a04a65fb0e8e23c4de69339bc1ba6eca9603a76566364fb5"
        },
        {
          "name": "aspnetcore-runtime-composite-linux-arm.tar.gz",
          "rid": "linux-arm",
          "url": "https://builds.dotnet.microsoft.com/dotnet/aspnetcore/Runtime/10.0.0-preview.6.25358.103/aspnetcore-runtime-composite-10.0.0-preview.6.25358.103-linux-arm.tar.gz",
          "hash": "395af781d49511228feec273ea71085647737f9bf82cd84150f13a630a433cc8a58a1a7ca045e177af9493acbcca0b46f7a5fdcc855b0e2e50ec751603eedbce"
        },
        {
          "name": "aspnetcore-runtime-composite-linux-arm64.tar.gz",
          "rid": "linux-arm64",
          "url": "https://builds.dotnet.microsoft.com/dotnet/aspnetcore/Runtime/10.0.0-preview.6.25358.103/aspnetcore-runtime-composite-10.0.0-preview.6.25358.103-linux-arm64.tar.gz",
          "hash": "33a642138a88f6119cd2e3fa428fca2240e792fb7bc96a9caae1693236c44a7255814d9684e62983ae24619b607057110e3abd39f52c7ccce00c03a54bcaac3b"
        },
        {
          "name": "aspnetcore-runtime-composite-linux-musl-arm.tar.gz",
          "rid": "linux-musl-arm",
          "url": "https://builds.dotnet.microsoft.com/dotnet/aspnetcore/Runtime/10.0.0-preview.6.25358.103/aspnetcore-runtime-composite-10.0.0-preview.6.25358.103-linux-musl-arm.tar.gz",
          "hash": "c9016dd417d69b54342fe2c762e887b27556d57281fd95ed20d294786fe57cbfa6c986236e7c18a5e5ad5ba2ce9d78e5fcddcb0973fbf70275fb6586fa1e6cff"
        },
        {
          "name": "aspnetcore-runtime-composite-linux-musl-arm64.tar.gz",
          "rid": "linux-musl-arm64",
          "url": "https://builds.dotnet.microsoft.com/dotnet/aspnetcore/Runtime/10.0.0-preview.6.25358.103/aspnetcore-runtime-composite-10.0.0-preview.6.25358.103-linux-musl-arm64.tar.gz",
          "hash": "364a58f1cc25bda7e7e8fcfb62478778884d44bcbcf4ce62d3188c6b48d4b2a89bc568e5185414e365ac45edf477ab7a8dd3fc63186dd99a73b770c765881ff4"
        },
        {
          "name": "aspnetcore-runtime-composite-linux-musl-x64.tar.gz",
          "rid": "linux-musl-x64",
          "url": "https://builds.dotnet.microsoft.com/dotnet/aspnetcore/Runtime/10.0.0-preview.6.25358.103/aspnetcore-runtime-composite-10.0.0-preview.6.25358.103-linux-musl-x64.tar.gz",
          "hash": "fde4fdd204f98f8cf2e06af78f9611dde9f1c854b76d51d56a36bed40bd7a4f57bfdfa41e382f933ebc82855f5d6c07ea4e67df507c4953041f220dfd386d1e7"
        },
        {
          "name": "aspnetcore-runtime-composite-linux-x64.tar.gz",
          "rid": "linux-x64",
          "url": "https://builds.dotnet.microsoft.com/dotnet/aspnetcore/Runtime/10.0.0-preview.6.25358.103/aspnetcore-runtime-composite-10.0.0-preview.6.25358.103-linux-x64.tar.gz",
          "hash": "3a775f76723ab2222d86c08089828c4dbfdd39fe81312a632c63a855ee3746b6e295ef64d7e5695488056cc3de537af8f966aef3ce60f66bff2915306332925c"
        },
        {
          "name": "aspnetcore-runtime-composite-osx-arm64.tar.gz",
          "rid": "osx-arm64",
          "url": "https://builds.dotnet.microsoft.com/dotnet/aspnetcore/Runtime/10.0.0-preview.6.25358.103/aspnetcore-runtime-composite-10.0.0-preview.6.25358.103-osx-arm64.tar.gz",
          "hash": "225a167a5305929da9589e44312ba9b7932b694fdbd9ac48d4566821a2f110b99eca05a78dbb0f7ef884b4bc67ec38690fc531e5d7fafaa073a34dcdceeccd47"
        },
        {
          "name": "aspnetcore-runtime-composite-osx-x64.tar.gz",
          "rid": "osx-x64",
          "url": "https://builds.dotnet.microsoft.com/dotnet/aspnetcore/Runtime/10.0.0-preview.6.25358.103/aspnetcore-runtime-composite-10.0.0-preview.6.25358.103-osx-x64.tar.gz",
          "hash": "0728fd7436b8853b1287041b8bc8975de069bc2efe58c166ffbfedac8dcdd2a5d8e9d29ca537c07835614bb74495e932513e55d8f97d68f5b7cb3f6319566216"
        },
        {
          "name": "aspnetcore-runtime-composite-win-arm64.zip",
          "rid": "win-arm64",
          "url": "https://builds.dotnet.microsoft.com/dotnet/aspnetcore/Runtime/10.0.0-preview.6.25358.103/aspnetcore-runtime-composite-10.0.0-preview.6.25358.103-win-arm64.zip",
          "hash": "536e65b97b080645dbaddad60c64cd2990d58ffd072228dd04505f59f25c9e2b11222cb6efb0e6aeac19b032b669ac698b38881d4d94e5c187a0fe4eb546bc02"
        },
        {
          "name": "aspnetcore-runtime-composite-win-x64.zip",
          "rid": "win-x64",
          "url": "https://builds.dotnet.microsoft.com/dotnet/aspnetcore/Runtime/10.0.0-preview.6.25358.103/aspnetcore-runtime-composite-10.0.0-preview.6.25358.103-win-x64.zip",
          "hash": "78c87a5c2f9ced7634940a31184b87aa2992bba9f5d5852d5d3e0319585d9b618fa7049288e7d9f0af63d4fc9babb4944f8c2627aa9c467e621b14c791d52efd"
        },
        {
          "name": "aspnetcore-runtime-composite-win-x86.zip",
          "rid": "win-x86",
          "url": "https://builds.dotnet.microsoft.com/dotnet/aspnetcore/Runtime/10.0.0-preview.6.25358.103/aspnetcore-runtime-composite-10.0.0-preview.6.25358.103-win-x86.zip",
          "hash": "2815be27271624ab46c94f0b821085bd01c429718d2565e91a5434dfa1857e492d611013f5c571d83db37ece41d7a7d5f491e3859b7e041af379dedefc8a2596"
        },
        {
          "name": "aspnetcore-targeting-pack-linux-arm.tar.gz",
          "rid": "linux-arm",
          "url": "https://builds.dotnet.microsoft.com/dotnet/aspnetcore/Runtime/10.0.0-preview.6.25358.103/aspnetcore-targeting-pack-10.0.0-preview.6.25358.103-linux-arm.tar.gz",
          "hash": "d86b9729f9f5bbcabccfdfd23667a463c4e7a1088404af3c783e7e7ccd8e5f09aa4ee6233d4116897ad470eb01b26f37ce71df36f597e13d5765e194313afbd5"
        },
        {
          "name": "aspnetcore-targeting-pack-linux-arm64.tar.gz",
          "rid": "linux-arm64",
          "url": "https://builds.dotnet.microsoft.com/dotnet/aspnetcore/Runtime/10.0.0-preview.6.25358.103/aspnetcore-targeting-pack-10.0.0-preview.6.25358.103-linux-arm64.tar.gz",
          "hash": "68dd25119b2f2c1ec5e4ab39b444b5b79d248c7b3479b449ef36bba43b82a9a5857d5f2fbabe78edd0a7d04ac9bbe7c8f45e2693c5ce9afc6f1aefb06bc8a07f"
        },
        {
          "name": "aspnetcore-targeting-pack-linux-musl-arm.tar.gz",
          "rid": "linux-musl-arm",
          "url": "https://builds.dotnet.microsoft.com/dotnet/aspnetcore/Runtime/10.0.0-preview.6.25358.103/aspnetcore-targeting-pack-10.0.0-preview.6.25358.103-linux-musl-arm.tar.gz",
          "hash": "3ecec156692fc7bc3da94d920896aa9626afa5474ce815fd87da5d8ac8f1bde406afcf2d6f4e87b90a6c07994edca75191c4b26726214b129d94938ad32880b2"
        },
        {
          "name": "aspnetcore-targeting-pack-linux-musl-arm64.tar.gz",
          "rid": "linux-musl-arm64",
          "url": "https://builds.dotnet.microsoft.com/dotnet/aspnetcore/Runtime/10.0.0-preview.6.25358.103/aspnetcore-targeting-pack-10.0.0-preview.6.25358.103-linux-musl-arm64.tar.gz",
          "hash": "0085cbc9220800ead8363382fe3498de25715e49394fcc8362fa6bdc4b2ed17ba8857863e3c6656c8fb5e446317cc75419ff2cfc78fd15d8306c5ed8fa62fc31"
        },
        {
          "name": "aspnetcore-targeting-pack-linux-musl-x64.tar.gz",
          "rid": "linux-musl-x64",
          "url": "https://builds.dotnet.microsoft.com/dotnet/aspnetcore/Runtime/10.0.0-preview.6.25358.103/aspnetcore-targeting-pack-10.0.0-preview.6.25358.103-linux-musl-x64.tar.gz",
          "hash": "e67e13733dbcd3b8506eb4fb539a76793178c263c7eaa170a1f6017cf6e01242b36ab98493879f88499ffc1a06662eac9474d229b465d0a3447faf5fdc17555b"
        },
        {
          "name": "aspnetcore-targeting-pack-linux-x64.tar.gz",
          "rid": "linux-x64",
          "url": "https://builds.dotnet.microsoft.com/dotnet/aspnetcore/Runtime/10.0.0-preview.6.25358.103/aspnetcore-targeting-pack-10.0.0-preview.6.25358.103-linux-x64.tar.gz",
          "hash": "a3b12278e1cdfde02f60b6612b26bd79dd4d18116a42a09f24fd8c4a436fc34f707f05e385bba9743e96dcd99662fbd79894c50965b31c5c7fd100e12fa6d18e"
        },
        {
          "name": "aspnetcore-targeting-pack-osx-arm64.tar.gz",
          "rid": "osx-arm64",
          "url": "https://builds.dotnet.microsoft.com/dotnet/aspnetcore/Runtime/10.0.0-preview.6.25358.103/aspnetcore-targeting-pack-10.0.0-preview.6.25358.103-osx-arm64.tar.gz",
          "hash": "5fa7827b3225fb814f886ce77887c8dc84ef61e698c15d15ade30064aa49071b46fef8a84f6ddc089d7a67aa725ffff76ebcf71f38071d644a351677f9808880"
        },
        {
          "name": "aspnetcore-targeting-pack-osx-x64.tar.gz",
          "rid": "osx-x64",
          "url": "https://builds.dotnet.microsoft.com/dotnet/aspnetcore/Runtime/10.0.0-preview.6.25358.103/aspnetcore-targeting-pack-10.0.0-preview.6.25358.103-osx-x64.tar.gz",
          "hash": "f8b63f014d54a4e499cadadb1b4526ab938b55a3031bf3ba3de4936dc87aa6cdb370b609890b66cef37ebbbaa4fe88aad75a3885d1094859af9b0e263231ee96"
        },
        {
          "name": "aspnetcore-targeting-pack-win-arm64.zip",
          "rid": "win-arm64",
          "url": "https://builds.dotnet.microsoft.com/dotnet/aspnetcore/Runtime/10.0.0-preview.6.25358.103/aspnetcore-targeting-pack-10.0.0-preview.6.25358.103-win-arm64.zip",
          "hash": "7e5ef0dd5ca6851fb412907b4613fe7886ee09dbc2b3bb27ca23d5130f971fcc776a55f2373dedbe5f29ebe04530f39389988f08d1f558addec90c87c775c489"
        },
        {
          "name": "aspnetcore-targeting-pack-win-x64.zip",
          "rid": "win-x64",
          "url": "https://builds.dotnet.microsoft.com/dotnet/aspnetcore/Runtime/10.0.0-preview.6.25358.103/aspnetcore-targeting-pack-10.0.0-preview.6.25358.103-win-x64.zip",
          "hash": "c752b71785f177a817b346d6ba169994ac1de69fa7d9309f684218dc7d84f1866e46f4cd544f91b3e7a29e4784e67748dd286ef8500a8f43d539603683981703"
        },
        {
          "name": "aspnetcore-targeting-pack-win-x86.zip",
          "rid": "win-x86",
          "url": "https://builds.dotnet.microsoft.com/dotnet/aspnetcore/Runtime/10.0.0-preview.6.25358.103/aspnetcore-targeting-pack-10.0.0-preview.6.25358.103-win-x86.zip",
          "hash": "1bff983ddc004e0b3bf710761365fa6b4505b15066fc38d5aae0c2adb0ad32efa8693b43f432fc83863dead471447a5df46fcf2d60821b32edf640b38325f683"
        },
        {
          "name": "dotnet-hosting-win.exe",
          "rid": "",
          "url": "https://builds.dotnet.microsoft.com/dotnet/aspnetcore/Runtime/10.0.0-preview.6.25358.103/dotnet-hosting-10.0.0-preview.6.25358.103-win.exe",
          "hash": "753ebe5c14f67f433128a64571c6c941aec7a0888f010a2a163797f2e4f9327f90a21f112afc51de1f819ae1ee434abd09a622d2ba51d690a41b178b59d36e1d",
          "akams": "https://aka.ms/dotnetcore-10-0-windowshosting"
        }
      ]
    },
    "windowsdesktop": {
      "version": "10.0.0-preview.6.25358.103",
      "version-display": "10.0.0-preview.6",
      "files": [
        {
          "name": "windowsdesktop-runtime-win-arm64.exe",
          "rid": "win-arm64",
          "url": "https://builds.dotnet.microsoft.com/dotnet/WindowsDesktop/10.0.0-preview.6.25358.103/windowsdesktop-runtime-10.0.0-preview.6.25358.103-win-arm64.exe",
          "hash": "b522cb2d917cf922b67c04da65fb6eb39afea6e1a423b4f02c2553563bd095bc48e4d36a5f587132e7db83ee3eb8b5329ca8a8c08bb8d5ed3e68f6c10ce03423"
        },
        {
          "name": "windowsdesktop-runtime-win-arm64.zip",
          "rid": "win-arm64",
          "url": "https://builds.dotnet.microsoft.com/dotnet/WindowsDesktop/10.0.0-preview.6.25358.103/windowsdesktop-runtime-10.0.0-preview.6.25358.103-win-arm64.zip",
          "hash": "2d56b2ded486cbcd17d9324cb2016158d4f959a5a0e74fdc4e248bcb41b0bc981a1001dd091c851836ef903ecf30cc4abf51f150cefc13a91134dbc2e63230ed"
        },
        {
          "name": "windowsdesktop-runtime-win-x64.exe",
          "rid": "win-x64",
          "url": "https://builds.dotnet.microsoft.com/dotnet/WindowsDesktop/10.0.0-preview.6.25358.103/windowsdesktop-runtime-10.0.0-preview.6.25358.103-win-x64.exe",
          "hash": "4bd1e1f433e844bf8a986224c67c1f025bb215fce36a8105f89b89d4c16c757b0f1f4ff745db6952b4f0a011ebfdeff6b9dca7371fe01d21f62b7f12434200aa"
        },
        {
          "name": "windowsdesktop-runtime-win-x64.zip",
          "rid": "win-x64",
          "url": "https://builds.dotnet.microsoft.com/dotnet/WindowsDesktop/10.0.0-preview.6.25358.103/windowsdesktop-runtime-10.0.0-preview.6.25358.103-win-x64.zip",
          "hash": "6db3ff230c718ae832edc231fad4e9ae234bf0fca4419820e2a901c76d26654a4fdaa5d81de53a9532d8d690bf1fa620856a1c03df4c525ed5ffa90aaf5eb726"
        },
        {
          "name": "windowsdesktop-runtime-win-x86.exe",
          "rid": "win-x86",
          "url": "https://builds.dotnet.microsoft.com/dotnet/WindowsDesktop/10.0.0-preview.6.25358.103/windowsdesktop-runtime-10.0.0-preview.6.25358.103-win-x86.exe",
          "hash": "e9358de29a7006f925875ac243d7b486e482420c7c178a2c1bf7d6b13ac230d382097e48193709d96c5ea2dea5e3e139ae6a3863e3084a10681122dc880c3399"
        },
        {
          "name": "windowsdesktop-runtime-win-x86.zip",
          "rid": "win-x86",
          "url": "https://builds.dotnet.microsoft.com/dotnet/WindowsDesktop/10.0.0-preview.6.25358.103/windowsdesktop-runtime-10.0.0-preview.6.25358.103-win-x86.zip",
          "hash": "c94e393338caffd834bbb4b33194e95e42faf0363ac3489c497ac3dedd6eaa2a53c84e4e27398c4ceb4a7e483c15d95f12c6d6dff88c6e2bc7ba50447dd2feb7"
        }
      ]
    }
  }
}
